type,text,payload,explanation,difficulty,tags,imageUrl
input_number,"Сколько будет 25 + 17?","{""correct"":42,""tolerance"":0}",«25 + 17 = 42. Складываем единицы, потом десятки.»,1,арифметика|сложение,
input_number,"Округлите 3.14159 до двух знаков","{""correct"":3.14,""tolerance"":0.01}",«3.14159 → 3.14 — отбрасываем всё после второго знака.»,2,числа|округление,
input_text,"Столица России?","{""correct"":[""Москва"",""москва""],""caseSensitive"":false}",«Москва — столица РФ с 1918 года.»,1,география,
input_text,"Введите химический символ железа","{""correct"":[""Fe"",""fe""]}",«Fe — от латинского Ferrum.»,2,химия|элементы,
single_choice,"Какое число чётное?","{""options"":[{""id"":""a"",""text"":""17""},{""id"":""b"",""text"":""24""},{""id"":""c"",""text"":""31""},{""id"":""d"",""text"":""45""}],""correct"":""b""}",«24 делится на 2 без остатка — чётное число.»,1,числа|чётность,
single_choice,"Какая планета ближе всего к Солнцу?","{""options"":[{""id"":""a"",""text"":""Венера""},{""id"":""b"",""text"":""Меркурий""},{""id"":""c"",""text"":""Земля""},{""id"":""d"",""text"":""Марс""}],""correct"":""b""}",«Меркурий — ближайшая к Солнцу планета.»,2,астрономия|планеты,
multi_choice,"Выберите все простые числа","{""options"":[{""id"":""a"",""text"":""2""},{""id"":""b"",""text"":""3""},{""id"":""c"",""text"":""4""},{""id"":""d"",""text"":""5""}],""correct"":[""a"",""b"",""d""],""partialCredit"":true}",«2, 3 и 5 — простые (делятся только на 1 и себя). 4 = 2×2, не простое.»,2,числа|простые,
multi_choice,"Какие животные — млекопитающие?","{""options"":[{""id"":""a"",""text"":""Дельфин""},{""id"":""b"",""text"":""Кит""},{""id"":""c"",""text"":""Акула""},{""id"":""d"",""text"":""Пингвин""}],""correct"":[""a"",""b""]}",«Дельфин и кит — млекопитающие. Акула — рыба, пингвин — птица.»,3,биология|животные,
matching,"Сопоставьте страну и столицу","{""left"":[""Франция"",""Германия"",""Италия""],""right"":[""Париж"",""Берлин"",""Рим""],""correct"":{""Франция"":""Париж"",""Германия"":""Берлин"",""Италия"":""Рим""}}",«Стандартные пары: Франция — Париж, Германия — Берлин, Италия — Рим.»,2,география|страны,
matching,"Сопоставьте символ и его значение","{""left"":[""π"",""e"",""√2""],""right"":[""3.14159..."",""2.71828..."",""1.41421...""],""correct"":{""π"":""3.14159..."",""e"":""2.71828..."",""√2"":""1.41421...""}}",«Фундаментальные математические константы.»,3,математика|константы,
ordering,"Расставьте числа по возрастанию","{""items"":[""3"",""7"",""12"",""20""],""correct"":[0,1,2,3]}",«3 < 7 < 12 < 20 — стандартный числовой порядок.»,1,числа|порядок,
ordering,"Расположите события в хронологическом порядке","{""items"":[""Отечественная война 1812"",""Октябрьская революция 1917"",""Великая Отечественная 1941"",""Полёт Гагарина 1961""],""correct"":[0,1,2,3]}",«Исторические события в хронологическом порядке.»,3,история|россия,
formula,"Вычислите площадь квадрата со стороной 5","{""correct"":""25""}",«S = a² = 5² = 25. Можно ввести 25, 5^2 или 5*5.»,2,геометрия|площадь,
formula,"Чему равно (12 + 8) * 3?","{""correct"":""60""}",«Сначала скобки: 20, потом умножаем: 20 × 3 = 60.»,1,арифметика|порядок,